company_id,company_size,industry,region,growth_rate,annual_revenue,crm_maturity_score
0,62,tech,EU,0.05075811359588132,6463845.013455031,0.2705796629422643
1,143,retail,APAC,0.12842403859031354,12453570.391570948,0.5102632765404486
2,151,manufacturing,APAC,0.14177713785229784,16806331.04433968,0.43290082449543205
3,238,retail,NA,0.06795262002223348,8462937.045628453,0.34017701246934395
4,37,healthcare,NA,0.1984578606029574,5445395.545242747,0.23150540886371881
5,268,manufacturing,APAC,0.07336704883247218,23807255.72804854,0.5453587315120477
6,9,retail,EU,0.05000609628922284,913222.2362095071,0.5923276088186264
7,79,healthcare,NA,0.02353887426367296,11177580.191041596,0.3245410090113985
8,91,retail,APAC,0.16103203493460816,11245200.597315842,0.48328989062279676
9,279,retail,APAC,0.10114414386729516,29792634.51586939,0.8061308165937194
10,151,manufacturing,EU,0.07603570052678052,8894463.052476386,0.2807401785105683
11,36,healthcare,EU,0.026293078228408637,5724872.67228897,0.4361885612934253
12,55,tech,NA,0.08053745382165182,7793082.055236166,0.48490741217804956
13,181,finance,NA,0.21907226938380558,32882566.82026151,0.20368914989470974
14,137,manufacturing,NA,-0.0072243751880558815,13988878.874079427,0.6000021196801576
15,83,healthcare,APAC,0.06841707994837251,6338418.841698761,0.28500451378082153
16,91,retail,NA,0.18963919850211053,13635681.928771876,0.4507486888813474
17,297,healthcare,APAC,0.16244865235347616,33964386.13596287,0.42180471436110295
18,88,finance,NA,0.07146871658593593,12218368.427942045,0.45474291834549757
19,135,finance,EU,0.1101797548467653,22760656.91367255,0.18956505755381137
20,1299,tech,EU,0.12314687023472047,171006326.16920894,0.725878101420746
21,35,tech,APAC,0.10669192909036337,4375663.84557281,0.3929711501271286
22,23,finance,EU,0.1892225104804588,2918701.922550857,0.4827667786805568
23,324,manufacturing,APAC,0.11698771027289767,22965947.63242346,0.5386988434732269
24,75,manufacturing,APAC,0.1567758145481519,11493085.971336855,0.1088064477845093
25,107,retail,EU,0.10907993845478078,16602396.58081981,0.7138959928222758
26,67,tech,APAC,-0.0016194406363232716,9106445.750174673,0.7383288975286444
27,114,retail,EU,0.04037936233217583,8497316.148536555,0.7792759111685842
28,734,tech,NA,0.05075610753469876,85412302.87048297,0.5493049674854655
29,331,finance,NA,0.08753570713619971,54004560.94965104,0.5729832120751532
30,351,manufacturing,EU,0.20392071195071956,36162613.92888939,0.4860878136773955
31,36,manufacturing,EU,0.11812057314377258,5598993.296066754,0.311401674624018
32,46,finance,EU,0.09471059489676174,5596033.159866459,0.30585349008947205
33,8,retail,EU,0.1619278998077824,1131000.9214838305,0.6766952875133673
34,66,retail,NA,0.027405816224912588,7103960.00260693,0.6769717198825169
35,386,healthcare,APAC,0.07551524149258806,47297130.609456815,0.7060274468174584
36,248,tech,APAC,0.06813356730299797,33009161.44637645,0.33665355047846296
37,118,retail,NA,0.1199020779734069,10325351.732414586,0.47163667281639166
38,145,finance,APAC,0.14479181461769836,18591522.1110587,0.6953369446800087
39,74,retail,NA,0.1235742776013615,2911473.834450969,0.2781777913342812
40,182,manufacturing,APAC,0.12436582416094559,18555800.24395312,0.3370251308687149
41,319,tech,EU,0.0819445440391027,43484960.44746137,0.33778551874626705
42,29,healthcare,EU,0.11603799290580699,4454628.740878989,0.5896769709587163
43,200,tech,EU,0.0580081064609805,26836512.850795373,0.4222737168143009
44,377,manufacturing,NA,0.13370694675039,29515517.287971754,0.3550762549026833
45,97,manufacturing,NA,0.07496984976683396,14645617.15499884,0.746755573852998
46,299,manufacturing,APAC,0.043924521984981306,25661826.908241075,0.5790425819124495
47,2476,manufacturing,APAC,0.10189097179160427,342742668.3998008,0.4573278517256785
48,133,finance,APAC,0.0043441917827656,11547723.359074498,0.3743884330627581
49,219,healthcare,NA,0.17371850359980034,21200035.237340625,0.6921914300563731
50,70,manufacturing,APAC,0.13985494984558494,6391666.814545987,0.4636552895433037
51,177,manufacturing,EU,0.11684849251239013,21977870.109085932,0.3684882552577722
52,235,retail,APAC,0.01881576273026249,26821481.678946815,0.2531283857698974
53,180,healthcare,EU,0.06499049084632927,24348110.963205732,0.6088713764662808
54,53,tech,NA,0.10202792174359261,6330370.606509758,0.2869224112108223
55,182,healthcare,EU,0.08684476144873964,13552410.943414766,0.31876746339404066
56,640,healthcare,EU,0.01557175172762637,82095599.38748112,0.5231636062819434
57,232,healthcare,EU,0.03417854972319294,15575327.07298723,0.43154187633100954
58,388,manufacturing,NA,0.08584528015432108,36271939.52090961,0.6103946365944626
59,117,manufacturing,NA,0.03583553007080838,12762664.204402704,0.4791430000201756
60,314,finance,NA,0.16856936619416307,33599223.90427355,0.45581539956183115
61,196,tech,NA,0.12472691797029163,13833213.55622457,0.36266465271889076
62,57,retail,APAC,0.05982679453804845,9184682.836550308,0.4633489506880581
63,204,healthcare,NA,0.15845774140078567,34565777.075147,0.432015487286522
64,55,tech,EU,0.1483853294336845,10313778.922109766,0.38542558939570054
65,78,tech,NA,0.11444791781934599,12045504.316925796,0.4640319026088035
66,179,finance,APAC,0.0980206883268023,19356452.08669623,0.13802760182196053
67,199,retail,APAC,0.08507630958850802,21416303.259937007,0.22275193474811064
68,45,healthcare,APAC,0.07300306461091717,4768343.321166147,0.8417335995953964
69,425,retail,EU,0.03316040403960732,76316880.49937864,0.6369317041700897
70,262,finance,NA,0.17641643775489999,30531844.05393384,0.8156944018882495
71,73,manufacturing,NA,0.07397433906143917,11539620.066155298,0.5240403705641404
72,31,tech,NA,0.10141003048561666,4828034.529279077,0.5705820155848739
73,128,healthcare,EU,0.05448760718496906,16087863.767350543,0.6331982848931791
74,95,manufacturing,EU,0.08702747416953352,7262823.595370911,0.4004719401459418
75,166,finance,APAC,0.24253887119348713,19452285.17951844,0.29312361005842374
76,103,retail,APAC,0.06370010481273863,12814125.793498022,0.5437987063601364
77,19,tech,NA,0.1724297887270776,3008415.135244702,0.7140509530407009
78,100,healthcare,EU,0.09860972414230505,12058373.736300875,0.5558625801805623
79,109,manufacturing,EU,0.13399692317473227,9127859.806946885,0.44376173807647645
80,279,manufacturing,NA,0.1622290127698126,41748806.681014374,0.6103795581690592
81,73,tech,NA,0.11361336922029988,8261684.503730502,0.6738491866600782
82,795,retail,APAC,0.0824146421809855,34695798.24116861,0.272146115589436
83,21,finance,APAC,0.09069545108587804,2724740.2819833495,0.12917192458800644
84,550,retail,APAC,0.09237857591768311,74262726.35298346,0.4551083436387969
85,118,retail,NA,0.19321852784577065,11175998.79725511,0.27216319304823694
86,350,retail,NA,0.025793711141980466,39983519.09345757,0.45457663449718705
87,160,tech,APAC,0.01146365211036035,22357041.72467496,0.6453988285598575
88,463,tech,APAC,0.01479735414011163,60168490.8886997,0.49803046104278065
89,100,finance,EU,0.055303428321378856,7312029.149655002,0.7980839252458869
90,49,retail,EU,0.13500415385991812,7722718.744751131,0.41523449346219077
91,614,tech,APAC,0.13807096462020987,105110610.01190196,0.6668483904601321
92,132,finance,APAC,0.06962486792966463,13819671.811313905,0.759401771127348
93,185,finance,EU,0.09857542361700802,11600212.770279644,0.36882624062749375
94,510,retail,APAC,0.044185068245608264,72998025.94408515,0.8429816602966237
95,52,healthcare,EU,0.0488223856296816,5189975.794882174,0.38542182622691995
96,269,retail,EU,0.12899334195057727,36601071.77633797,0.5039557608988914
97,82,healthcare,EU,0.1523842030554199,15257339.347754914,0.4474545210322533
98,130,finance,NA,0.07615905877849287,9569400.44116348,0.3208983074825033
99,159,tech,NA,0.18175075604154017,15280118.403295213,0.5093716929534935
100,33,manufacturing,APAC,0.1482802674393055,3767465.2023870354,0.6219320265636702
101,68,finance,EU,0.17958629261277756,10795023.857172241,0.43210816742642033
102,573,tech,NA,0.08495309654525408,129881058.45702082,0.3256403815171687
103,360,finance,APAC,0.1760343122816323,45868520.02067598,0.6586408411278524
104,139,retail,APAC,0.20897713199878878,9873631.171178753,0.4464083546681796
105,189,healthcare,APAC,0.07937412333219904,20720893.807995565,0.626471057211504
106,110,finance,APAC,0.0922915480815957,10642950.495414652,0.4521933697838145
107,576,tech,APAC,0.05261407487968005,81588997.05441044,0.4714496773919131
108,121,retail,EU,0.04278924519195862,15888091.472975126,0.37725367156228523
109,187,manufacturing,APAC,0.04337243293668526,16595427.005494203,0.7021145126526291
110,466,retail,EU,0.05942669341063538,44267873.76902511,0.5087031572539737
111,68,healthcare,NA,0.11373689894927858,7425483.265948351,0.2640905184024607
112,705,retail,APAC,0.06154002302893243,79537571.74217284,0.4584329781530511
113,32,manufacturing,NA,0.11220812772934341,3799498.640477205,0.43628690960846955
114,757,tech,EU,0.11324225755974762,91949910.7170652,0.6082220922746028
115,102,finance,EU,0.07649378030628107,16018642.645467686,0.513120821823718
116,116,healthcare,NA,0.09686814477153474,12541185.678165387,0.48592643646707245
117,22,manufacturing,APAC,0.07360438036568437,2281245.8854372553,0.3627441348394603
118,94,healthcare,APAC,0.0844630113361774,7504657.261090531,0.20379405992164512
119,52,retail,NA,0.059556851276789266,5890779.59711666,0.6106572501015677
120,80,healthcare,NA,0.10420523448914083,10214870.990863318,0.8254586513099685
121,129,manufacturing,NA,0.06997270672700835,8807747.080634397,0.6444368687375619
122,386,finance,APAC,0.04169670620311022,42354676.88849085,0.508695713029945
123,182,finance,APAC,0.12967144444242687,28175205.949363437,0.3999064871202741
124,201,healthcare,APAC,0.13136456006427316,28029285.4374883,0.4645237412844463
125,49,tech,NA,0.15558492678220537,6428946.763958365,0.6912340901041872
126,61,healthcare,APAC,0.048780131269791076,8456818.507123344,0.47373540740789427
127,896,retail,EU,0.07595363466445067,92098829.22536689,0.5579569744530104
128,71,finance,NA,0.11152477025448615,7014260.856020301,0.6005243988192833
129,777,finance,APAC,0.07489800615938699,122888193.67900644,0.647558965173624
130,116,finance,NA,0.1285455991903911,16803665.040398568,0.6072649738085343
131,148,tech,EU,0.1248966443741968,14446547.783957899,0.5554089134536216
132,432,tech,EU,0.12396476780955332,27491737.482573297,0.4453178892552896
133,529,manufacturing,NA,0.17298336166521322,51966068.24561737,0.42804426781233634
134,132,healthcare,NA,0.13220385372292248,17992395.540765014,0.6006266939015086
135,100,healthcare,EU,0.10769455557407132,10025219.57183031,0.6148420067440614
136,140,retail,NA,0.09032322567017316,18186284.805362165,0.3340703528697441
137,208,finance,EU,0.09380679459115919,33819368.25632913,0.6814904995891814
138,361,tech,EU,0.04678949230799633,42312516.747501,0.44706705590967816
139,149,retail,APAC,0.011714490652498938,18925801.88384241,0.13756634851467076
140,275,retail,NA,0.12318780638655319,38650456.81612142,0.3883416198726331
141,763,tech,NA,0.16118164687815328,66791091.3268827,0.49483651853301985
142,217,healthcare,APAC,0.08349425383486317,21007449.545171548,0.44721034703063317
143,202,finance,EU,0.1793547079516299,28640536.629015498,0.5563960866692551
144,32,healthcare,NA,0.0911743783459265,3875488.8197271437,0.6510459306285037
145,10,retail,APAC,0.002311400944349548,1236527.5830928287,0.5789666684374646
146,218,finance,APAC,0.14591246268648014,26377689.314187065,0.31533037075435777
147,134,manufacturing,NA,0.07603558813809275,20012741.75522707,0.3574046553437675
148,88,retail,APAC,0.1504389338760007,11710281.37078714,0.5041387239634896
149,189,healthcare,EU,0.036123625803418005,25224809.916371506,0.3060408842588607
150,139,healthcare,APAC,0.12060220810738251,21776566.31700757,0.7739361503845003
151,458,healthcare,EU,0.05997694582278438,77034324.80994622,0.8285696461690691
152,161,tech,EU,0.1100702433281178,30156548.02579967,0.3143146022897224
153,70,retail,NA,0.13833033472876782,7184071.240887926,0.4170933663326114
154,399,finance,APAC,0.12672005006469428,77438806.74568324,0.26522008822919624
155,119,healthcare,EU,0.10346839165150463,10364520.591864996,0.28387546476573167
156,251,healthcare,EU,0.031077044689388864,44692412.94491474,0.2948841224813955
157,92,tech,APAC,0.1365172090275883,9290270.790011803,0.43830579327403363
158,77,finance,EU,0.15157152189978002,9080749.070767019,0.5673330151174686
159,161,retail,APAC,0.04785014879217288,19409721.815137163,0.45845815850882615
160,150,manufacturing,NA,0.05519853928470001,14098631.625773916,0.6117105176059595
161,239,tech,EU,0.1536778679016456,29301772.84064024,0.4471515294774565
162,113,retail,EU,0.0895779218715367,10796003.807650393,0.5068813180722285
163,23,manufacturing,APAC,0.05649433312972092,1907889.034217217,0.7192617832282956
164,96,healthcare,APAC,0.11362772067596366,11408475.936884448,0.6380720634198844
165,328,healthcare,APAC,0.06807378060227909,55004388.59999047,0.25154600361214324
166,110,finance,APAC,0.10805210657029907,12361734.861243982,0.3694915682788128
167,116,manufacturing,EU,0.0793396664576826,17194752.78550227,0.5928060765091395
168,397,healthcare,NA,0.08362445899597278,37568114.4537546,0.4115089437436926
169,72,healthcare,NA,0.15551986919287258,5867691.687429408,0.4445529336643095
170,31,finance,NA,-0.02342623400625035,4142089.9459684845,0.6690258500502898
171,126,retail,NA,0.12773753772176222,21756214.815683465,0.45241129510080536
172,91,healthcare,APAC,0.1472725389133247,11490445.65432351,0.7702234410812142
173,56,tech,EU,0.06890029294111724,8108767.710182281,0.4212681981963001
174,124,tech,EU,0.14688826771815755,20441862.805930894,0.6104713414474017
175,242,retail,EU,0.052048801657958804,28774789.66130764,0.8356846848955616
176,147,manufacturing,APAC,0.06700082271681862,16969400.927873887,0.27002353636212917
177,201,finance,EU,0.06124164782044826,26966692.75430271,0.5226376734795711
178,909,tech,APAC,0.14756460818012923,126806021.02384248,0.6217218842649499
179,105,tech,EU,0.012752615666608347,8193228.470647889,0.4339333583624469
180,196,retail,NA,0.18200736130127876,25258866.682472013,0.4281893422912109
181,89,manufacturing,APAC,0.08475307169430554,10678180.63678667,0.4750716989837038
182,63,manufacturing,EU,0.13074560770786778,6067809.394081509,0.3107670098508601
183,82,retail,NA,0.12643539606818655,9668266.44016289,0.6989213249133559
184,91,tech,NA,0.10756158941032597,7738663.209014759,0.23525630370068693
185,212,finance,NA,0.06996569692612202,15830499.638003368,0.7242757166905147
186,1554,tech,APAC,0.16211862814639272,189596465.39826474,0.3921400997094221
187,72,manufacturing,APAC,0.07425743671394479,10588486.370534444,0.43873590915513005
188,97,tech,EU,0.06343756711395479,10629383.951973727,0.5073686360467685
189,139,finance,NA,0.14388551417617665,12673758.969921991,0.5623459702734354
190,220,healthcare,EU,0.1072874809768435,21085028.015119202,0.3947651146815595
191,193,tech,EU,0.16789107875581005,26338388.75786834,0.5960778796754993
192,535,retail,NA,0.09686664542722502,90961532.74797869,0.7507610896143445
193,13,healthcare,EU,0.06745623136521267,1860477.9146566456,0.3245783975219895
194,13,retail,APAC,0.11373717365119494,2067308.8407069375,0.6775993244338696
195,90,retail,EU,0.07761914219562983,7971416.016020545,0.46794440883029687
196,444,retail,NA,0.06890387443471473,52295253.509092405,0.38988690460259806
197,31,tech,APAC,0.1415944096827937,4667382.4908946995,0.44364015996099876
198,7,manufacturing,APAC,0.1915777533637514,546172.7079422813,0.39292445835004614
199,262,healthcare,EU,0.08767691040407548,26265186.540896405,0.5605450887636887
200,189,finance,EU,0.05126294068570347,28021248.62042549,0.7291921464027418
201,49,manufacturing,APAC,0.09232718250500907,6259885.883058873,0.3617999741116135
202,55,tech,EU,0.1257400614947962,5007566.961733572,0.580756590954348
203,56,retail,NA,0.11287397642387353,3980220.0358923906,0.3092352180691965
204,165,finance,EU,0.1597115847235856,26419710.147756778,0.5160329846700143
205,79,healthcare,EU,0.133254491913785,4613479.011008016,0.4350353143477587
206,243,manufacturing,APAC,0.04482952659450456,33770160.85469352,0.6755440779812936
207,8,manufacturing,EU,0.07533408246796125,832069.3355071928,0.4588716682368935
208,63,finance,EU,0.03095829400123372,9538959.117926732,0.684594794278221
209,48,tech,EU,0.1572339672815094,4259306.44827518,0.6520250538637674
210,114,healthcare,NA,0.00040563673642995957,22622612.358937252,0.19055887712475741
211,86,finance,EU,0.035833383468884386,11357931.047676023,0.4760560335841679
212,329,retail,NA,0.07440987669974136,45076973.18941376,0.706123009621472
213,23,healthcare,NA,0.12819587015524084,2226597.4411239782,0.5006490890366354
214,155,manufacturing,NA,0.07391732931471744,17979781.445975456,0.49448642785677616
215,259,finance,NA,0.0817385293142754,30245120.70468448,0.5568445407555697
216,950,manufacturing,APAC,0.082723606336365,165187947.38367295,0.5639577203661986
217,91,manufacturing,NA,0.1086391311179123,12013574.585997855,0.5884162287788761
218,205,manufacturing,EU,0.03897442323649991,27944552.69437992,0.711890363295527
219,24,tech,NA,0.05264114759759765,3263507.191066942,0.32670144663904893
220,13,manufacturing,EU,0.18404618493979455,1805158.2506429928,0.2642095730591891
221,345,retail,NA,0.12011995485985058,27019156.174162123,0.40719091015251857
222,147,retail,APAC,0.1380391085926423,26677272.35644191,0.36636224408369106
223,482,healthcare,NA,0.10290142657276084,45151515.24606088,0.5087206843644295
224,37,manufacturing,NA,0.09298598758786301,4397371.187407313,0.38255860775881867
225,249,manufacturing,APAC,0.12285654730476403,41320177.244486555,0.8365265317964017
226,961,finance,NA,0.13638068418380667,171095247.30493814,0.7071052385458761
227,225,tech,EU,0.14230378373458596,32440190.03818745,0.42193760313865664
228,195,healthcare,NA,0.09367202200903299,20447536.064988554,0.14914092699196294
229,149,manufacturing,NA,0.14776882781391606,18450973.45166102,0.4681920886422635
230,30,finance,NA,-0.023310839441481074,3750270.551197069,0.4995905396548154
231,575,tech,APAC,0.1446143504862561,72491235.38858256,0.559409149669427
232,80,healthcare,NA,0.0786547021628099,6647872.734210086,0.5701923470950712
233,245,healthcare,NA,0.12766912231508487,38661805.063106835,0.5998338877799563
234,31,manufacturing,EU,0.06753361371520683,3845167.747622134,0.3725892497211707
235,45,healthcare,NA,0.033665273496111134,4425004.661917579,0.4272533202261403
236,623,finance,NA,0.11698520156583339,65445033.190000325,0.617949116732291
237,104,healthcare,NA,0.02492347383394003,13321932.110787185,0.280934652080785
238,634,retail,NA,0.08001612858886464,49396715.525399104,0.5146677613898024
239,137,finance,EU,0.05937851544479237,20050368.163042083,0.6789729465752813
240,23,tech,EU,0.09124837308532618,2921963.908662722,0.5251148103117151
241,362,tech,APAC,0.13986045597986363,60443389.24090337,0.7632700676228601
242,82,manufacturing,NA,0.07550773572727545,10030855.953991044,0.6643786730644549
243,298,manufacturing,APAC,0.11572887737063059,26057704.61831719,0.5139087359286709
244,152,retail,APAC,0.13696730191135442,12778017.454159351,0.5431755240515287
245,31,tech,NA,0.06963724746031065,3356643.779061442,0.6110414977466102
246,174,tech,EU,0.07036232356404487,19392797.11823561,0.37271223311150986
247,1334,tech,EU,0.16846644511001052,137378186.17940357,0.2651787572164853
248,242,tech,NA,0.09603056801110466,29972768.668987837,0.28389963177757416
249,140,healthcare,NA,0.12545693965659374,14310896.485680157,0.5818787143675024
250,434,finance,EU,0.1250780546179612,55389760.745403595,0.4438177309531594
251,183,finance,NA,0.040100619696101104,19101640.1979812,0.6988927064791222
252,183,retail,NA,0.06195620619140025,25428053.355462797,0.41018990982579334
253,49,healthcare,NA,0.11876736817700101,5424154.773736069,0.398845569224125
254,187,tech,EU,-0.0033657443361821693,29431219.431420296,0.5628992933080672
255,417,tech,APAC,0.08943511914807876,58200206.69436856,0.47815106911206723
256,64,manufacturing,APAC,0.05673580638036088,8051683.852438474,0.6779879798761939
257,616,manufacturing,NA,0.1555253070988327,70082124.11249448,0.4587695348781602
258,135,retail,EU,0.11730577265774747,10048010.612419076,0.19758425067676108
259,61,tech,NA,0.15956231486953387,9906795.410553277,0.5298401625834616
260,402,retail,EU,0.09804376832233236,40029828.43428737,0.4373867866124603
261,111,healthcare,NA,0.09430554036164888,13622138.00755939,0.5020910656074634
262,317,finance,EU,0.08475352404602175,41309579.116826236,0.48700629358251785
263,110,tech,EU,0.0748465300222454,12594411.853392404,0.30785597387453195
264,139,healthcare,APAC,0.23423281695279927,22328686.396672975,0.5266683154108733
265,243,tech,NA,0.14035847578966112,20256206.01209024,0.7347513466694244
266,198,manufacturing,APAC,0.046690572703160876,34059572.75350478,0.25821700808471676
267,20,retail,APAC,0.23196544345810896,2802934.53450499,0.48395178953126483
268,48,manufacturing,EU,0.07975100324988635,5405154.354958364,0.46454216150617733
269,375,finance,NA,0.11605760000884281,42353662.56827301,0.5124136904890572
270,130,manufacturing,EU,0.1469798685935933,6954396.134775018,0.46961695623889904
271,87,tech,EU,0.023102303646374958,8226112.469861256,0.48837707278911074
272,38,manufacturing,EU,0.05863365991754505,4156549.7192851305,0.39480048645208987
273,50,tech,NA,0.1824082412285345,6264157.464046362,0.4306363239202521
274,19,finance,NA,0.08875856683318023,2997961.309337769,0.3118762138447863
275,134,manufacturing,EU,0.1499335058380436,24270933.411812387,0.4829473114401823
276,81,retail,NA,0.07732657796768273,10381609.050090253,0.5267176882010116
277,56,retail,EU,0.09524701972565791,7065423.644400182,0.39082770078339163
278,138,retail,NA,0.18926284330382503,14529943.682500863,0.42359227681513906
279,213,manufacturing,NA,0.12187561211490115,14600510.08416686,0.6876054324412076
280,1203,manufacturing,APAC,0.08275761165345007,122497164.26925375,0.2396862316193574
281,32,manufacturing,EU,0.06583182695985762,3642718.963443818,0.46539601294683686
282,473,tech,APAC,0.07040623037933984,70600846.82923865,0.6156844551256706
283,392,finance,APAC,0.16207800153685456,53149490.8914037,0.426495079425553
284,68,retail,EU,0.13827491543194603,8611952.256758163,0.49737951875016234
285,181,tech,EU,0.042566168396320436,18566255.492353357,0.5395916449863635
286,93,retail,NA,0.10435892784353516,5629894.270166875,0.3678882395485391
287,178,tech,EU,0.09665917640969973,11097822.699767627,0.603420580592319
288,671,manufacturing,APAC,0.1158046384784147,47028984.9204573,0.4088536309885652
289,271,retail,APAC,0.0698214440429315,30145985.722455643,0.7099596187489218
290,246,manufacturing,EU,0.1548902805824712,36856047.95035876,0.7712369983540727
291,96,retail,APAC,0.09993303613569875,14305148.841487344,0.5648432509342078
292,33,healthcare,NA,0.11867182587927047,4745778.604456661,0.5747423907430168
293,120,tech,APAC,0.060765488794284214,12545656.259335058,0.31476534695151026
294,496,healthcare,NA,0.0632843431164719,76546635.9118226,0.4448624531061361
295,32,tech,APAC,0.23287555546334504,2946172.2467617504,0.5673650037244301
296,51,finance,NA,0.19000399762133416,7425691.961454081,0.4994878848526062
297,168,retail,NA,0.09651594185585441,11720135.348268202,0.6735521871724356
298,55,finance,EU,0.17665019753634698,4657764.79758609,0.4495790396495277
299,67,finance,NA,0.1606368757131215,11361756.272550832,0.3550257235340092
300,97,tech,EU,0.06873944854754305,11046841.273757014,0.6753283928136306
301,37,healthcare,APAC,0.06375333992989324,3684123.4560477417,0.419163013940314
302,56,manufacturing,APAC,0.13343383126756586,8572634.630558299,0.6362442206582175
303,299,tech,APAC,0.11300303190564111,46799823.46330874,0.5193935772172468
304,40,manufacturing,NA,0.07989976918306399,4280063.030280933,0.7280541395309762
305,30,finance,APAC,0.13606132718743688,3850617.1076479233,0.7250845309721804
306,79,manufacturing,APAC,0.02787585372035266,9804470.59821493,0.7483056899978137
307,308,healthcare,EU,0.10575007639262286,10837582.687654797,0.30139369156134843
308,121,tech,EU,0.03805381732186221,9453027.91408767,0.5942431830622
309,93,healthcare,APAC,0.039700432823746856,13788889.815567994,0.5340564799971566
310,155,healthcare,APAC,0.06466176051737968,14728390.241951212,0.46775095405894157
311,25,tech,NA,0.11816436381719943,3397378.422048798,0.5605947194952797
312,243,healthcare,NA,0.06623814955576848,31077564.89030894,0.6366531500921614
313,217,retail,APAC,0.039094569602480915,33952467.33353251,0.4430684042275161
314,98,retail,EU,0.12386246013384734,7750453.0240809005,0.7142444779500295
315,405,retail,APAC,0.1746373522220518,53389600.96767921,0.4370823021596797
316,48,manufacturing,NA,0.13194252171010062,5665803.18028496,0.7124015436552078
317,458,healthcare,EU,0.19008993622968232,44108500.55912622,0.32648878875883486
318,173,tech,EU,0.1704589196801294,16624626.630650755,0.3574484863985323
319,106,tech,NA,0.07562858937450323,13443389.201025609,0.36563239521543817
320,145,manufacturing,APAC,0.13160799096820552,20139065.244075295,0.4491235010061681
321,133,tech,APAC,0.09541846032224216,16213749.167351736,0.4876975733934611
322,502,retail,APAC,0.15310498905990297,61666396.632970616,0.4528197279402978
323,50,healthcare,NA,0.09540942213682146,5252258.393945965,0.730404146778201
324,69,tech,EU,0.06056517453953667,7385375.358707071,0.4992443233864565
325,418,tech,NA,0.1686702971175127,40222421.706191964,0.5892065920854833
326,81,finance,APAC,0.11588977753616848,8459797.986381082,0.3300040224127479
327,365,finance,NA,0.06682351643453843,50311697.73059322,0.5201890419258816
328,811,finance,EU,0.07506368499630885,114506848.84247553,0.7053275479160639
329,99,healthcare,NA,0.0665039677780758,8090649.421055772,0.6709223325917708
330,293,retail,APAC,0.04991262836451419,27280321.62427475,0.4374618998450013
331,46,retail,EU,0.07612423288782247,4539650.727336516,0.3438481359104746
332,315,retail,NA,0.11865106068656034,37194851.65630737,0.14836567652463095
333,181,healthcare,NA,0.103203033509309,12580480.263222331,0.44745793681816104
334,238,healthcare,EU,0.07808915318089205,22284603.67914825,0.36553870272807243
335,77,finance,EU,0.17477537343986121,6039306.704919012,0.5468496273271698
336,28,tech,APAC,-0.0005316736939819516,3696404.992736498,0.7214457719483324
337,245,manufacturing,EU,0.11530679575778555,29181889.173857857,0.3654357230991384
338,18,manufacturing,APAC,0.09286203725912032,1910224.3362611204,0.3453546237465907
339,108,tech,NA,0.051490938510175985,9514981.61031161,0.4970766695531139
340,380,finance,APAC,0.1182227172893859,40503100.455303185,0.2585619106242756
341,179,tech,NA,0.08901258938194226,18447603.33837996,0.5990217069697723
342,1041,tech,EU,0.1623536733106947,175970636.4351956,0.72716060884375
343,413,manufacturing,NA,0.14340326212057333,61913074.22649813,0.33197634326509345
344,77,finance,EU,0.1953065368186993,7644464.691104195,0.16815061047733884
345,152,healthcare,NA,0.07583410347430038,18993290.754743204,0.6992203527191848
346,141,manufacturing,NA,0.16982772448737576,20914002.575058762,0.3047476922433549
347,30,healthcare,NA,0.04170726159922894,2978087.2314333403,0.4935057351966611
348,57,finance,NA,0.09446817503622106,4416740.632935708,0.4506820023762295
349,84,tech,APAC,0.07673764736828644,5551916.527249789,0.6655652414020493
350,19,retail,NA,0.13012227064547044,3005192.1443513264,0.7028948132600248
351,155,retail,APAC,0.1289137899121776,17711559.926164884,0.5811570204020293
352,115,finance,EU,0.05496902033860143,14805072.053417712,0.768019558100797
353,27,retail,EU,0.13290960869922083,2774867.7259915615,0.4582956180641375
354,222,healthcare,APAC,0.0809755458578054,18195793.202858705,0.6878915306850818
355,303,retail,EU,0.0591601320024153,26530975.5022126,0.30981492113947884
356,186,finance,EU,0.09941093189288364,14837025.859007241,0.36926166298776575
357,107,finance,NA,0.026157791931874105,15568482.070445089,0.6489436256120648
358,268,healthcare,NA,0.1465653174994386,44160191.71298968,0.17679991213112053
359,293,retail,NA,0.097218959477914,35487374.43015545,0.4554843735004365
360,201,retail,APAC,0.09831271891009798,14967671.468001595,0.26391186687380513
361,65,tech,APAC,0.09564166864567465,8768339.172129437,0.3833964433202005
362,195,manufacturing,EU,0.1823425043345892,30800160.290206376,0.4306073315543222
363,490,finance,NA,0.17594388444149103,73083501.4820059,0.738588212045541
364,81,tech,APAC,0.16753805466995936,9649211.552181464,0.32277646136110866
365,1209,finance,APAC,0.0957479177870581,136575329.27754298,0.7233606232493867
366,87,tech,NA,0.044218754375503135,10342995.901642602,0.32786835730819536
367,153,manufacturing,APAC,0.0992010278558043,23983892.932843126,0.2770878248775909
368,75,tech,NA,0.1157200210363591,10710822.21259811,0.4260029048373626
369,185,finance,EU,0.1406305151946639,20059048.652090672,0.759253916254821
370,25,retail,EU,0.11555913705501218,2691813.543157202,0.24000582301137205
371,85,finance,EU,0.04867528619052069,8971677.625711253,0.4440289892517142
372,49,healthcare,NA,0.07322922648298903,4314990.028678116,0.686467479586115
373,169,healthcare,APAC,0.0686931734375539,27133819.855229106,0.5907341360739952
374,401,healthcare,EU,0.12695265252029106,38642480.31461034,0.6456576890761183
375,283,healthcare,EU,0.12817987266199837,38122443.797510736,0.6089131620463542
376,13,manufacturing,EU,0.13473159440404353,1302043.2210560455,0.6249218414067438
377,1143,retail,APAC,0.11505179273361767,120795993.08507602,0.2846694846823569
378,199,retail,APAC,-0.002959975488432215,23200131.822663862,0.4361487118579668
379,68,finance,NA,0.013707016086259557,9272294.546661783,0.4737824834876746
380,173,tech,EU,0.09299061843301791,19414628.053533364,0.39465616323068403
381,177,finance,APAC,0.10490389602331963,15190820.538711967,0.5582963030423804
382,76,finance,NA,0.16268327935764892,9163505.434860349,0.4301695751569354
383,180,finance,EU,0.10388975739975159,17459972.2843652,0.5079869346537562
384,80,finance,APAC,0.051202533457017654,13305211.936594874,0.5527852654169828
385,99,retail,APAC,0.13310824038886843,11107964.82765641,0.31315427679982855
386,74,tech,NA,0.09913741535678787,7397108.069482079,0.4638859272516871
387,35,finance,EU,0.07989726072329825,6273540.839636009,0.6138568228844968
388,171,retail,EU,0.019270029601494515,24310504.173529886,0.39194460824179095
389,266,finance,APAC,0.10425935040556164,24763742.571842354,0.5761587604192105
390,248,healthcare,EU,0.11144089554897303,23875599.393625267,0.31049328151948435
391,336,finance,NA,0.05019268479469752,45099764.44939407,0.3423752966871759
392,205,finance,APAC,0.13721788941031376,24867379.25136463,0.6670469863220956
393,87,manufacturing,APAC,0.13273983993254918,12763358.166500438,0.4873360592813996
394,343,healthcare,NA,0.1024456291196488,34341060.86279661,0.36264473177881396
395,38,tech,APAC,0.10058614289710206,5359264.402270264,0.13087977763245257
396,60,finance,EU,0.14730188733321242,3171080.9860055204,0.4278099894950295
397,56,tech,EU,0.11837651843905159,6460537.659645263,0.2932216610564913
398,437,healthcare,APAC,0.06488722755258197,44348781.39579931,0.6787608331607193
399,380,finance,NA,0.09011758581999262,40412468.52439141,0.47433242970489997
400,241,manufacturing,NA,0.12784247009680397,28176216.308508452,0.34410709329442263
401,433,retail,EU,-0.0016160462166030093,66749162.278322116,0.44912340053949795
402,61,manufacturing,NA,0.053423697560518575,5208107.020842484,0.5547581275951472
403,210,manufacturing,APAC,0.13410688331694876,11415329.072217,0.517983230876961
404,130,retail,APAC,0.16044388021080563,11551591.072664708,0.8474454723201832
405,346,retail,EU,0.15105243701340063,52132884.97341429,0.6370717124345249
406,132,retail,EU,0.14466466561238905,9325834.311453363,0.4455540130664233
407,100,finance,EU,0.10648719313357206,10284157.07824537,0.7015216270782966
408,254,tech,NA,0.04855482951561553,36877579.596066155,0.6775652359920981
409,356,tech,APAC,0.09016883077133826,42095983.158043504,0.3038437477484647
410,76,retail,APAC,0.00033654746904075716,11693451.323538732,0.6561294530501626
411,139,manufacturing,APAC,0.16503280431053768,8194485.834015571,0.672682926466555
412,51,healthcare,EU,0.05914435987628455,5627938.0960775465,0.34909251687991444
413,12,retail,APAC,0.07333271199883985,1921383.7798877999,0.2969933597913326
414,181,manufacturing,NA,0.15293095263202885,15601032.661502345,0.36555389073146094
415,272,manufacturing,NA,0.019268652144522794,41084048.32204679,0.6813398032563242
416,192,finance,APAC,0.040529868798728434,21682423.393573467,0.6204638094958516
417,21,finance,EU,0.11339856719125674,2793501.537785231,0.3772341550791344
418,104,tech,APAC,0.12601902075337396,16425729.549910327,0.6351102124639764
419,16,tech,NA,0.09641496024129204,2126321.3525030827,0.4927084375437252
420,583,healthcare,NA,0.09804584435320463,59619045.20662979,0.7135099501159219
421,50,healthcare,NA,0.16341889769472226,6843094.128187842,0.5346881631899506
422,520,healthcare,APAC,0.13181592225303257,52075922.41361632,0.38208889377448757
423,382,healthcare,NA,0.1250584967263773,48972784.13292055,0.42661474165380386
424,60,manufacturing,EU,0.13878232463968715,4946682.673035409,0.41702178688876124
425,47,manufacturing,APAC,0.0849704862655691,5681023.489511336,0.6216617052697853
426,210,tech,APAC,0.20865828320715105,32692546.393219218,0.843059995830148
427,63,finance,NA,-0.015376575916624155,6995325.224352039,0.2991103182309671
428,164,finance,NA,0.1728960512059391,25060956.95913861,0.6308529018407969
429,91,retail,EU,0.14510537593715547,19365062.61873157,0.2439920507453109
430,24,manufacturing,APAC,0.11241441257754271,2859157.9333359273,0.6412116467793881
431,15,healthcare,NA,0.10400144788010558,2076386.4703088934,0.505903510643665
432,186,healthcare,EU,0.09222233514314469,24980893.223641876,0.6702413797918164
433,84,retail,NA,0.15517217939817046,10647261.221118677,0.5017709719643575
434,85,finance,APAC,0.09800677630000582,12209134.861605184,0.30069285480782343
435,297,healthcare,NA,0.06360576302384564,33429473.266014572,0.4477322093755822
436,479,finance,APAC,0.1450991442660841,47959241.27905483,0.5380907167336364
437,113,retail,NA,0.1792383117029929,8385765.804850576,0.4776275632022417
438,105,finance,APAC,0.0036415438460623284,11520310.74677649,0.4131711125991032
439,244,finance,EU,0.217854591538516,35878498.08879089,0.19126469524920012
440,38,finance,APAC,0.04816343512351793,3488631.29323983,0.6384030632686255
441,185,healthcare,EU,0.051985086174232364,23569062.325756803,0.7589552698395137
442,257,tech,APAC,0.03775551402536936,29890822.952176522,0.4240792114408673
443,293,manufacturing,EU,0.10004245262323126,29703887.698455565,0.4127142940366915
444,21,finance,NA,0.03601408575156831,1352584.592255442,0.3534336706029305
445,69,finance,APAC,0.042086996807455715,11101109.227180028,0.5399868223466301
446,61,finance,NA,0.06557249762081915,8266458.670601582,0.5647282820711218
447,164,tech,EU,0.10692278375971698,32793216.112329558,0.3896813655827731
448,240,retail,APAC,0.11174267994837557,36571773.700494304,0.46166187274019715
449,662,healthcare,APAC,0.16205986397050426,106063203.41596015,0.41025492404866903
450,90,tech,NA,0.16090743865974566,6076744.926236825,0.1485004679444175
451,90,finance,APAC,0.1512305657048802,6029544.515683791,0.3314251715677759
452,468,tech,APAC,0.08691914144671373,56754061.33717832,0.4173401406599305
453,199,tech,NA,0.007940911100170617,17025750.921816565,0.49531435108357486
454,527,tech,APAC,0.006834280084800276,52468854.95139596,0.6657568187989744
455,198,retail,NA,0.15088649380549066,38766009.229942314,0.4769093593076189
456,46,manufacturing,NA,0.14218772358536852,7162029.1169209685,0.48230970149544666
457,39,healthcare,NA,0.06916477687779768,3585283.0154717984,0.5206682977372594
458,31,retail,NA,0.02796318743512792,1519507.9223800157,0.5776307175428267
459,287,retail,NA,0.04764244884154543,25658339.51892413,0.4822793316999428
460,487,manufacturing,EU,0.10873471510997638,50299389.18866527,0.5017656608040958
461,943,retail,EU,0.10882804999274685,104071450.79663245,0.72041168596362
462,344,tech,NA,0.15212656365635,28080242.688889273,0.5737621358296457
463,474,tech,EU,0.0774822771396252,72946475.4229439,0.345236465716256
464,83,finance,EU,0.08779819857491789,8188462.623292949,0.5485902507135217
465,46,retail,APAC,0.15626606529832196,6415037.18819174,0.7250743264099179
466,347,finance,NA,-0.006254745069381729,42200968.061885536,0.26463081529082944
467,225,healthcare,EU,0.11587264734585132,33334720.121830784,0.4056407827134027
468,165,tech,APAC,0.08328856106840322,18622294.374206927,0.4188633498946512
469,218,healthcare,APAC,0.13563798894768717,20110588.691176876,0.49892142110684956
470,205,manufacturing,NA,0.12563033014306713,20918688.69477291,0.7551670472804952
471,535,tech,NA,0.06518451778051673,54819013.91455724,0.734492859382316
472,541,healthcare,APAC,0.0746332571760509,98427655.45208228,0.2833924237746927
473,255,manufacturing,NA,-0.015098771277384085,31185265.329570554,0.5318819205583517
474,345,healthcare,NA,0.137499574913091,41447949.63218513,0.5932822576359087
475,248,manufacturing,APAC,0.11198869100323154,36322277.46287161,0.6223520047356517
476,93,manufacturing,APAC,0.16992561777258564,11159805.10523598,0.4475614130990506
477,316,tech,NA,0.08002999819197266,48553491.507100224,0.7429078472741782
478,36,finance,EU,0.14571677988240128,3918156.0184427965,0.3685656521860106
479,425,manufacturing,NA,0.04650369772179304,44961093.18223821,0.5264316117401923
480,44,manufacturing,EU,-0.035239489892948256,3986038.985260427,0.3870257444151576
481,197,tech,APAC,0.09527430298161162,34573779.720599644,0.5865558747253602
482,63,finance,EU,0.07166591224734872,7428031.0830830075,0.6044340598984874
483,258,retail,APAC,0.047458928710763994,21872911.362529628,0.37013111022246725
484,143,retail,NA,0.14490526967433084,18004388.782290846,0.5750117315018455
485,30,finance,NA,0.1604123336771779,3014951.510642903,0.4781919291491962
486,226,healthcare,APAC,0.10527106396829305,24478503.65074235,0.5559200042239424
487,83,tech,APAC,0.09087404651909174,10733776.045002019,0.39599687886490864
488,358,finance,APAC,0.10313541869512612,59295381.480329044,0.2930519418319116
489,148,retail,NA,0.06735368780493362,18211038.990288302,0.33480394416476333
490,220,manufacturing,NA,0.12812979742142014,21707157.314996004,0.6915690846758052
491,56,retail,EU,0.02303140069192805,5871743.064945697,0.3158885401189284
492,82,manufacturing,APAC,0.04634609357849037,11454860.079799753,0.2627940084694292
493,93,tech,EU,0.060436942434659906,5696228.844954436,0.7209690248474478
494,349,manufacturing,NA,0.12706777154907647,30963116.567179915,0.2516483060217649
495,794,finance,EU,0.08487550714783783,100345229.53502065,0.6626052677210166
496,66,manufacturing,EU,0.16801951973515364,4540794.236797999,0.6073671058957568
497,435,healthcare,NA,0.14016548781892546,48121641.67729003,0.5063568233562787
498,16,finance,NA,0.05994534122188272,1690432.7828843922,0.68998947646793
499,44,tech,APAC,0.131673289519931,6438232.049139881,0.640683445800572
500,56,finance,EU,0.07958964859239909,6299525.6803597445,0.6857404258988483
501,38,healthcare,NA,0.12365902475119817,5912828.176167473,0.6240320230685075
502,30,tech,NA,0.14258860817964866,3670985.720914255,0.5557383803203542
503,224,retail,EU,0.15573573009063585,38817751.59903827,0.4442533556673517
504,119,healthcare,NA,0.11010107849189585,9326664.397121375,0.4141306818906031
505,216,tech,APAC,0.18000618432401094,36398981.9314165,0.7527159758088835
506,296,manufacturing,APAC,0.1220657178030636,31869190.852683023,0.8313671256792383
507,193,finance,EU,0.10675260797288154,31694168.77010091,0.4684071012989441
508,286,tech,APAC,0.0848742806170032,44489313.72501471,0.3155611610277748
509,138,finance,NA,0.06843454899058163,4753101.539159725,0.30650884846476223
510,45,manufacturing,NA,0.12099418630308528,6046877.083931782,0.5271074519808611
511,427,tech,NA,0.10503788184899922,64019509.16156918,0.6792557445373439
512,82,retail,NA,0.1130412800317195,13108338.132210948,0.6984099521253472
513,58,healthcare,EU,0.12403729137781459,4912651.296743805,0.4550478242749724
514,124,tech,APAC,0.11283007390715243,17076075.576892935,0.3189363304326077
515,59,manufacturing,APAC,0.20066477034639257,7425280.411238339,0.5531700964871993
516,97,tech,NA,0.0736017557910931,12895400.093872005,0.44306109689837636
517,209,finance,EU,0.12161466720598531,31343331.77093823,0.2680678242791934
518,210,tech,NA,0.08861533920756294,32487272.07217654,0.4562668490852624
519,60,retail,NA,-0.023073605678762044,6019662.681423952,0.5454927357514812
520,91,tech,EU,0.09032635885657775,11644594.775941372,0.5560162931780139
521,434,healthcare,EU,0.05317514720407297,52615581.83010191,0.7725091225198968
522,243,tech,NA,0.0966588770579793,27415119.383654214,0.37542204786696226
523,1182,finance,APAC,0.09867987393341476,136741731.0119458,0.4549296877542398
524,483,tech,NA,0.11926789439696689,60799855.137400664,0.6079449505996349
525,466,retail,APAC,0.07349103123419155,47504297.19750761,0.5275006108556012
526,37,manufacturing,APAC,0.07974535421315296,5420170.824169277,0.6451320144803725
527,318,tech,EU,0.13503468264049745,50269201.070304245,0.40420753448695473
528,140,tech,EU,0.05954707352594387,13353578.466539238,0.6563340452051377
529,85,healthcare,NA,0.008077350464535393,13561741.214244762,0.3684236314615858
530,175,retail,APAC,0.10785156784632408,16701859.52281276,0.4892671311775219
531,381,manufacturing,APAC,0.15354243737841222,55981704.40061424,0.3448973319940978
532,244,finance,NA,0.1344590237823443,38916624.893522955,0.5615932347951677
533,61,tech,NA,0.10877420977651517,7147045.426173895,0.47094258139485395
534,311,manufacturing,NA,0.1625322671674389,29758056.067291345,0.43561686442052505
535,78,finance,EU,0.15410086195824582,7982481.785354787,0.2437208234170305
536,184,retail,NA,0.08345427361354697,24077449.898381688,0.5464927673664308
537,109,retail,NA,0.1123760864168535,19504419.928580582,0.6697643314316872
538,119,manufacturing,APAC,0.11452301113182203,8236943.757498944,0.4399113442324473
539,319,finance,NA,0.09566246856287153,39239315.60325062,0.6073999341403554
540,52,retail,APAC,0.1567123785436939,6102607.447408661,0.548793941107974
541,1038,manufacturing,APAC,0.09239297833016144,110343912.33854108,0.3612290218393477
542,24,retail,EU,0.07498605544975022,2821837.0019553974,0.5057682353867703
543,81,retail,NA,-0.02957706286875772,8402461.72290674,0.34047107263003384
544,214,retail,NA,0.06008480588131443,33661057.74415666,0.531475968357578
545,266,healthcare,APAC,0.0342291045598284,42633100.57720047,0.3793492171667284
546,134,finance,EU,0.09798019243667823,16434303.79001103,0.26120257133639235
547,140,manufacturing,EU,0.03731553747686227,16207190.943357581,0.2764300782438661
548,223,manufacturing,NA,0.13043423708344506,23461584.660124935,0.5900635699329653
549,117,finance,APAC,0.15542188041070193,14356887.495511893,0.6927861447426044
550,597,finance,NA,0.09844216207059402,104734653.72701918,0.4196821944357727
551,343,finance,NA,0.05079911418681291,40092574.70948803,0.19395233640902462
552,355,finance,NA,0.11432001880907669,33660044.961020336,0.7321922112793184
553,56,tech,NA,0.1946737529044014,6051760.02253729,0.49623088189007775
554,137,manufacturing,APAC,0.17912403146622805,19536761.542870097,0.28141862042508803
555,109,tech,EU,0.029696065338128852,10733000.977764333,0.47588343204711114
556,54,retail,NA,0.0278409388265881,6425396.1266467115,0.08758351824685627
557,212,retail,NA,0.015023178010002594,28447536.73963502,0.5928744801145649
558,86,manufacturing,NA,0.043151027312483936,8663993.831383191,0.7037128310886487
559,285,retail,NA,0.1125796234384315,19114331.08745881,0.5813705108398527
560,50,finance,EU,0.07216528624150376,4392921.804220347,0.37932436564706956
561,828,tech,EU,0.058066498205769534,78028239.91959533,0.4737528144966157
562,60,finance,EU,0.1519554883758226,6788110.849458046,0.2946807534194746
563,184,retail,EU,0.12650465595438135,22324534.13090193,0.6177817142819683
564,327,tech,NA,0.0147648686423094,47320509.727269456,0.4284595319428172
565,83,finance,APAC,0.1490862337104818,6904132.53842488,0.15974620993035407
566,348,manufacturing,EU,0.12530173612310194,48841314.93018291,0.2659608844512077
567,43,finance,EU,0.12641316290151863,4681508.670616756,0.33159886288950324
568,634,retail,NA,0.07147629880347156,42118890.37526726,0.7697557812381965
569,150,tech,NA,0.0906347910102555,18061081.467228923,0.44936797205724266
570,81,manufacturing,NA,0.0013639235901441588,12918530.150144922,0.5348110347050256
571,110,tech,NA,0.14334933362673127,16114278.020472994,0.28885669268027797
572,333,manufacturing,APAC,0.05005364943493423,39198058.59388955,0.5990504091161294
573,82,tech,APAC,0.0564685484453028,12609395.715676727,0.599948439612888
574,70,retail,EU,0.055792935282014164,8803667.62914934,0.7689971035871103
575,118,manufacturing,APAC,0.19002005584519097,17633408.450491432,0.5751789076326472
576,45,healthcare,EU,0.06656479676188565,3156836.8477921174,0.6952432126206186
577,916,tech,EU,0.14711301367718616,75578991.03664792,0.4423492478032947
578,84,tech,APAC,0.09880039475586092,11917170.683643254,0.5474387749759434
579,340,finance,EU,0.05854451432822604,56500681.442317195,0.7573178659853249
580,182,manufacturing,NA,0.04947999733601513,24118434.690782283,0.5298246419073714
581,55,healthcare,EU,0.06855719562580041,5779394.158929926,0.49720954777459725
582,147,retail,NA,0.0962769296612063,13889225.063691793,0.7017448046677336
583,325,finance,APAC,0.13008685531940872,35925677.154950626,0.5047131633584279
584,122,healthcare,APAC,0.0764504160254792,19081911.389683362,0.3028797000194772
585,489,manufacturing,EU,0.07457941291098402,53655128.34832393,0.6216807712363649
586,412,healthcare,NA,0.0559422427548963,62390328.94354849,0.21880441559678604
587,372,tech,EU,0.040297892926988856,51922716.08007272,0.43910397046409416
588,93,tech,APAC,0.03611544901238689,15941852.983191311,0.3569250740868348
589,50,finance,EU,0.14940144589698007,6300392.807304761,0.6420130179792437
590,80,manufacturing,EU,0.0735580457689564,9480968.733163102,0.7918556452926406
591,180,manufacturing,NA,0.07798620502221171,27527429.370673448,0.29424849782209955
592,256,healthcare,APAC,0.0666693708509574,23537181.73211122,0.6585958546936808
593,16,finance,EU,0.08415718550361882,1706871.85098675,0.6677922343749308
594,147,manufacturing,NA,0.11855370871617171,10231179.07221337,0.6068028756150853
595,173,tech,EU,0.07565595894151891,14250055.538540902,0.3413748559694429
596,112,healthcare,NA,0.10903699437152854,19902529.515892163,0.5530656091745942
597,539,retail,NA,0.17091042447488203,75874726.65577011,0.49485716150566844
598,226,tech,EU,0.05901679919063969,17826643.2674435,0.6274414608077349
599,550,finance,APAC,0.07802658650048956,85714678.41134639,0.5121757923423701
600,119,manufacturing,APAC,0.13205301347059045,11767799.760082625,0.14772726262171165
601,378,tech,NA,0.1748648083590963,52628379.898500726,0.5331892231678862
602,761,retail,APAC,0.03788448610618994,105611890.58835319,0.28539401888501253
603,550,retail,NA,0.014959798757608389,93472346.55136454,0.5292056594033561
604,49,finance,APAC,0.09996968245638542,5089537.266764332,0.37872487362393337
605,115,tech,EU,0.09480615515140978,11246208.61422888,0.5114790282821471
606,105,healthcare,APAC,0.13500846480830495,4129516.0785108553,0.3985337348070869
607,242,tech,NA,0.1273780173310507,28155927.10020757,0.22364931385913492
608,294,retail,NA,0.09830183870628635,41677409.118100934,0.6350668869462617
609,64,finance,APAC,0.15246074266833956,9334989.763717389,0.5676122294328886
610,158,finance,EU,0.065949117257367,24896373.05944032,0.5563890449990562
611,19,healthcare,NA,0.11057903960383776,2445189.2729390846,0.3381018895779998
612,627,finance,NA,0.03921463855928401,84734932.83407871,0.42254040068403553
613,88,finance,NA,0.0978935861912341,10739837.96348394,0.5479194205442129
614,156,finance,NA,0.026943418072998424,22030888.630387574,0.5189657034346536
615,108,finance,NA,0.04420782265118498,9933054.762996033,0.7576296474187824
616,466,finance,EU,0.18547259187449602,36229661.663804784,0.48685182056453014
617,8,retail,APAC,0.008773121607221476,761102.8777340921,0.3466817308058431
618,145,tech,EU,0.089167415229262,18329263.171501957,0.6234174723597171
619,133,manufacturing,EU,0.14136075613623342,10771305.583437063,0.5946377566251917
620,94,finance,NA,0.21106777908447144,9494251.46991619,0.6035067857385661
621,833,manufacturing,EU,0.10885375208830242,84933655.86695121,0.507232151419466
622,61,manufacturing,NA,0.11171100630313463,8750732.816066785,0.2582108326510352
623,321,retail,EU,0.10198426908738747,44876719.28490755,0.6669367553730728
624,211,finance,NA,0.15286172023420813,25766176.963998944,0.3746483025286624
625,524,manufacturing,NA,0.12158517826189494,69970739.9393424,0.44505126539800116
626,76,finance,EU,0.07124561066035576,10193402.212244693,0.6876331957142575
627,71,healthcare,EU,0.15577558457143637,7745490.343306771,0.5117501772806944
628,444,healthcare,APAC,0.07689046420760866,46053909.23891546,0.6662441613727015
629,227,healthcare,APAC,0.02007519399580003,37704834.49038834,0.2974667624684339
630,31,manufacturing,APAC,0.020233772928221094,1405111.141533839,0.45912118599998186
631,86,healthcare,EU,0.08994659267876587,8407437.308141889,0.4185439725872052
632,218,retail,EU,0.10515207828856943,24827262.309979215,0.7538596204123348
633,343,retail,NA,0.147781463652437,46921900.18711608,0.6967304107890404
634,75,manufacturing,APAC,0.13204082058905509,11554889.683732182,0.5346736952142462
635,8,finance,NA,0.10399254726031722,1405615.5850051553,0.5307065721882994
636,250,tech,NA,0.1505755245716176,29312169.878474023,0.4254324393137036
637,43,finance,NA,0.10063689533154756,5128091.044150114,0.5486683638677837
638,19,finance,NA,0.0354756983610026,2486687.7345506526,0.26160324228043014
639,8,finance,APAC,0.024577383901122157,832530.9748010588,0.4740453516292394
640,334,finance,NA,0.1639343853802829,28213942.534000132,0.8033064453665325
641,168,tech,EU,-0.01226148957010309,19674897.650029346,0.7035860482010717
642,118,healthcare,EU,0.08996296721454157,16798617.913686365,0.23218469644595618
643,595,finance,EU,0.24908967468775123,67063816.48574981,0.30014699000430634
644,280,retail,APAC,0.12296167221552495,37072857.26523198,0.392208860645941
645,747,manufacturing,NA,0.08957285897605669,47759804.018548876,0.23459692282771305
646,36,manufacturing,APAC,0.01577692166734103,4339876.993293015,0.4836213524415209
647,143,retail,NA,0.1808685284066608,15429214.125835545,0.39347411655391007
648,29,finance,APAC,0.16069139353472287,2370642.3327226685,0.5885890023261238
649,117,tech,APAC,0.13423984561691987,16346815.887582812,0.6697845669972011
650,115,healthcare,NA,0.09997201335115928,20167477.213996388,0.3270622380440221
651,277,manufacturing,APAC,0.12860061234706888,41466558.672408156,0.6612360156611745
652,155,healthcare,NA,0.0925689470698074,23499932.875474744,0.417178263653289
653,276,tech,EU,0.05133695447578342,39019309.84662714,0.6786249113432429
654,299,manufacturing,EU,0.14781674657524066,41678669.50332659,0.616037478689718
655,1280,healthcare,EU,0.0974670671708895,84501813.67390019,0.6588925774699774
656,108,tech,APAC,0.12609719823293938,12545438.921766756,0.2903948132861366
657,57,healthcare,EU,0.0939438379720117,7709825.300964433,0.7196083392899001
658,189,finance,NA,0.1230909691023422,25693065.109408915,0.7805274972686158
659,66,tech,EU,0.09927536346711252,10437978.254754014,0.598255233213694
660,653,healthcare,EU,0.09537250739552292,58135330.04368602,0.42297784011332606
661,111,finance,APAC,0.10149947977387604,15342214.479307635,0.47285562099503187
662,84,finance,NA,0.24804348452315228,7396096.669938615,0.37669161902862475
663,92,tech,APAC,0.14012034929909686,10455709.132044194,0.3363204306722026
664,304,retail,APAC,0.22930289584497612,35914897.37401429,0.4936678223843171
665,126,manufacturing,NA,0.09959487929959086,18380518.055105038,0.4338560496690929
666,78,tech,APAC,0.08454710153177397,11103190.928856805,0.6863848244457297
667,784,finance,NA,0.04629014708122621,96910175.42297775,0.3370138598069879
668,63,finance,EU,0.18016155983112803,3492649.0848928597,0.4973027609978794
669,153,tech,NA,0.05474075464254471,20401786.834433526,0.3704043565616251
670,284,retail,NA,0.1904780378693345,31799396.415629536,0.41190586860208145
671,29,manufacturing,NA,0.04919058346148511,4690871.125708617,0.4535664868282666
672,239,healthcare,APAC,0.14433299343162134,36950548.71292044,0.39914484251692184
673,51,tech,NA,0.020449625826317708,4684824.952434343,0.5482774904816115
674,337,manufacturing,NA,0.07790221492046678,46325781.55619481,0.4766875537642384
675,56,manufacturing,NA,0.10110407647231623,7731209.818349481,0.226950715067216
676,296,finance,EU,0.07012544921482565,40219150.1869983,0.35212829272096724
677,448,healthcare,NA,0.091533669908302,59130369.64458085,0.23231109562695273
678,351,tech,APAC,0.09177274472105694,48755527.79551067,0.6328119254694805
679,190,finance,NA,0.1403466775015032,31358469.148771778,0.5255116267111927
680,117,finance,NA,-0.00433758944933707,12104655.030374857,0.5258940605563297
681,83,retail,EU,0.07185401359859679,7704534.038089771,0.469625906223706
682,646,manufacturing,NA,0.1627318173885478,92689019.32609665,0.23109565590288214
683,73,tech,APAC,0.12812399616582976,4635437.012757764,0.3297476006984088
684,52,tech,NA,0.16356431310635067,7260277.222478078,0.7606219358521776
685,288,tech,APAC,0.13793946773863425,38680752.68820329,0.6014094028992385
686,66,finance,EU,0.04582424464950946,3275905.003247796,0.5585957263516643
687,57,retail,NA,0.13304485855597883,5751864.312066275,0.2756257615450456
688,35,healthcare,EU,0.10500964000463814,5854773.251888384,0.37694801895929464
689,91,finance,NA,0.21340306658964958,6941908.071145485,0.6905819688006509
690,136,healthcare,APAC,0.14010822912472048,17187373.788993668,0.2541147282956145
691,189,retail,EU,0.12616837038388004,16982186.94903524,0.5572604585946513
692,384,manufacturing,NA,0.13347121316706556,37912938.57720846,0.5115846111486924
693,251,tech,APAC,0.12344227708333119,44549880.71781786,0.4766929969713769
694,122,healthcare,EU,0.12209005638730365,15091806.305577269,0.3812483038240375
695,121,finance,NA,0.08668533153015408,16396530.999483412,0.517782094450926
696,247,healthcare,EU,0.12677364435100003,28806637.488679532,0.6760878217112045
697,529,manufacturing,NA,0.14742333401363478,39434834.30527072,0.35057762002932175
698,168,tech,APAC,0.15301640345160428,14187987.037235789,0.5828827105933693
699,92,healthcare,APAC,0.14695584098017567,14292467.69877256,0.691573838135302
700,54,manufacturing,EU,0.1754031823076036,6727685.28032009,0.3154055204925335
701,34,finance,EU,0.15614460616519626,3294305.876924386,0.7413624790107535
702,288,retail,NA,0.13142589570503851,34369472.437140726,0.6959710955007686
703,264,finance,APAC,0.0428169600168149,36919855.86920887,0.7496370111630466
704,264,tech,NA,0.04283658385854579,35279551.67285984,0.2932798050002357
705,130,finance,APAC,0.08759327983693246,12597822.119158203,0.6914820656839658
706,606,finance,EU,0.10233768430238595,44080986.38892255,0.5871591077269328
707,91,finance,NA,0.1699000765601631,9808762.93700518,0.32495013662179717
708,385,finance,NA,-0.038985344289776847,59009511.74506897,0.3786375442025752
709,142,tech,APAC,0.048339686862845226,20679645.87135672,0.562657260702132
710,80,manufacturing,APAC,0.09028895427675818,10584967.83582039,0.505597760678938
711,268,healthcare,APAC,0.05015711856836558,30786121.491812464,0.7151700688882568
712,223,retail,EU,0.060094633081486784,23302964.16181447,0.7406513055384519
713,212,healthcare,NA,0.07504189520572821,24471191.347670272,0.3547610794820177
714,160,healthcare,APAC,0.05270870679628656,22952503.98865018,0.6341232341816406
715,142,retail,EU,0.061378783629226184,21343412.008124344,0.38603547430851515
716,1617,tech,APAC,0.1681616281847226,181340724.03362077,0.643357659205242
717,485,retail,NA,0.13071591700809895,95102165.55362648,0.5623055054013973
718,305,tech,APAC,0.1381971672371002,37445494.548360065,0.3586277220955725
719,165,healthcare,NA,0.09829386212710226,18082570.522822235,0.5054765645279076
720,406,tech,EU,0.15055526063358807,66693653.762264326,0.798246471009403
721,249,manufacturing,EU,0.14238991589863922,14653924.922675805,0.34616830517223596
722,152,retail,APAC,0.12992689572201807,20428953.64721802,0.44933027312739926
723,109,manufacturing,NA,0.06729179724289447,12841949.25608912,0.7113906885279816
724,136,healthcare,NA,0.07789814258050623,22228592.02507514,0.5877424420833837
725,6,retail,NA,0.15290650493661845,828886.2045570347,0.5753261086321991
726,183,healthcare,APAC,0.07416331292745225,22723670.912430704,0.6403058864636672
727,91,manufacturing,NA,0.03557379318677721,12728990.26730208,0.5976002013099193
728,729,healthcare,NA,0.0731990962618011,64394414.833919145,0.42371828195378375
729,151,retail,NA,0.17797028411095595,22499693.85018923,0.3778983101254164
730,45,retail,NA,0.07324816678042016,3584809.2280318136,0.6768369240988197
731,141,healthcare,APAC,0.11638273959933462,18436443.920844764,0.6810338342737291
732,52,retail,APAC,0.0692156037314276,6295558.372094198,0.3814208759382546
733,238,retail,NA,0.1381712777242683,15971790.324708026,0.37544556730333695
734,198,healthcare,NA,0.12683995953515115,24169515.825090535,0.6839941433543058
735,386,manufacturing,EU,0.02544076294173188,49585406.58475893,0.5130739512286584
736,67,retail,EU,0.11340159935429901,6723699.29234484,0.5676612332881267
737,153,retail,NA,0.01587065563507163,13712983.025312431,0.4791790564492046
738,37,retail,NA,0.07229661012855453,4986316.917805521,0.5944475974690692
739,299,retail,EU,0.09942830416838114,39129965.56041246,0.3981716601700823
740,249,healthcare,EU,0.19234329577312484,31574338.596727706,0.4502685233627643
741,243,manufacturing,NA,0.11589562325495883,29224456.520467103,0.5174953241090663
742,148,manufacturing,APAC,0.061645695636847866,15244460.20462835,0.3434687111014557
743,224,tech,APAC,0.08413949487416998,42149059.361907244,0.6738473445380543
744,738,retail,NA,0.1462098387221252,81954955.19690733,0.24347909893790623
745,111,retail,NA,0.062324157913001645,10439172.499648951,0.4480600262519953
746,170,tech,EU,0.15484892490007454,20677579.103571683,0.5280518408974582
747,50,manufacturing,EU,0.07384743609763023,5728588.430533323,0.39592236867629177
748,62,finance,APAC,0.05423404222439412,6841986.176345328,0.6247382894579668
749,163,finance,NA,0.07544985195486147,28725210.08306327,0.574996905246146
750,447,manufacturing,EU,0.01918577979559652,38490081.76055822,0.6733052076025164
751,114,retail,APAC,-0.008628849057548058,13808034.775274474,0.6716246665740204
752,117,finance,APAC,0.09587323053395706,10310017.682500925,0.4634608214968596
753,98,healthcare,APAC,0.09663510608282203,10169387.172095677,0.4583965332722916
754,86,healthcare,EU,0.11282308922683332,14799179.150729183,0.5984918138759665
755,199,tech,EU,0.09562629076372137,25560226.9826597,0.5957605636795198
756,33,manufacturing,NA,0.21646265620529115,4226676.8892365005,0.566982218424263
757,534,manufacturing,NA,0.10842046716363488,49029510.725391775,0.3029610895046499
758,76,finance,APAC,0.031176857194169752,8151862.846125738,0.422844529622587
759,305,retail,APAC,0.044004257214870834,53281561.9222603,0.6232122546116459
760,41,manufacturing,EU,0.10001523346743642,5534215.563117401,0.4548096002651447
761,289,finance,EU,0.07822866912207647,31734672.23625602,0.4474799722316468
762,290,finance,NA,0.03857600514182679,38633283.135638475,0.5437831883832206
763,217,manufacturing,NA,0.09705759586835686,27782491.749504972,0.5143106011968069
764,54,finance,NA,0.09778878853088291,5120107.76075996,0.5930812522188118
765,190,tech,EU,0.17978468667483577,20697792.98342418,0.6275370809515755
766,45,tech,APAC,0.054195514643895215,8443623.737845618,0.5006167708353504
767,115,manufacturing,NA,0.07911360970459136,15152408.912890911,0.30167895021111674
768,415,retail,NA,0.1796308194547816,30265426.959196195,0.29622229562352953
769,329,tech,EU,0.11642931039653046,44515774.16319207,0.45918256147273245
770,150,tech,NA,0.053902263624030916,23863897.22862576,0.6585326551606837
771,55,manufacturing,APAC,0.06426339077445455,5107776.0027479995,0.4772785000742983
772,283,healthcare,EU,0.03929206224826694,30081408.901157252,0.6939467417033603
773,151,finance,NA,0.10386363138368301,24705582.425962087,0.324577178128249
774,14,tech,NA,0.15155799924178354,1694663.2369070167,0.4351173475797152
775,324,healthcare,EU,0.18154506378161628,37491223.67446867,0.6387919823531525
776,144,retail,EU,0.02568591345326114,11508229.31092497,0.44826160041241375
777,493,healthcare,NA,0.1434558618491665,74993675.70243202,0.35115100397154686
778,49,manufacturing,APAC,0.10821563989002742,5602950.515976579,0.5318306342436901
779,6,retail,EU,0.08690348175816263,329223.07167178154,0.690183592483194
780,196,retail,APAC,0.07913309800603419,14272891.413174424,0.5060708967747798
781,198,healthcare,NA,0.003953408205264283,20424211.145814776,0.4924103720925526
782,27,manufacturing,APAC,0.1318999314534123,2370997.742538265,0.3433910654562172
783,55,tech,NA,0.034057161207832545,5088663.106395035,0.4266952630185876
784,2333,healthcare,NA,0.06259020924711459,444063445.9722871,0.4783049998836204
785,109,tech,NA,0.12089923172766483,15393600.25468816,0.4053763342870424
786,308,healthcare,NA,0.009168221477544702,13145331.987532271,0.39219570992180997
787,77,tech,APAC,0.03396030285926502,8513916.38508064,0.3047727729082469
788,18,healthcare,NA,0.16093313295717698,2111673.560028911,0.4579281399302597
789,125,retail,NA,0.10610294397863648,9461497.747737622,0.417672519705815
790,113,finance,APAC,0.06688993164378135,15371569.575766847,0.49849307085526834
791,99,retail,EU,0.1062998077151755,5817073.704334442,0.3809090100033592
792,132,tech,APAC,0.13347381687548684,20183909.952770665,0.4973381605820627
793,193,manufacturing,APAC,0.15623839456188385,31506458.594175503,0.23665329976102484
794,127,retail,APAC,0.04437824123201056,24203349.15082618,0.48268582493789103
795,41,finance,NA,0.048758091854391096,2983575.017293517,0.3146823327893834
796,241,tech,NA,0.13041716493393635,19008412.09804402,0.5202034811003104
797,21,retail,NA,0.13202062842500506,2956383.3815792203,0.227405802047275
798,19,healthcare,EU,0.032801550911494184,2954127.6313876067,0.4793794911046265
799,310,manufacturing,NA,0.05063446622556014,44723259.750634715,0.5179914845270251
800,246,tech,EU,0.09031263495692732,37488311.51309364,0.6100975707442481
801,140,retail,NA,0.10117881222152557,22582674.920253143,0.8245353669654497
802,36,tech,APAC,0.10259649386522657,4538430.427171571,0.35580399547899344
803,73,healthcare,NA,0.032033809665878044,8294515.689608902,0.27248980203932
804,114,finance,EU,0.1020913885251744,9000833.94889512,0.466478916094517
805,30,retail,EU,0.06413146525647787,3331705.135305781,0.28708358694461034
806,70,tech,NA,0.04168411867048353,8095734.355105118,0.38315214261648817
807,284,tech,APAC,0.09945019757943156,25988687.435277347,0.5585943282506152
808,618,tech,NA,0.0943503185156159,73451323.31054804,0.7088982224166784
809,97,finance,NA,0.14008466191279884,8548477.205798704,0.2502760509160784
810,316,tech,NA,0.05695158163682723,48474390.54857117,0.5285514617130397
811,21,manufacturing,APAC,0.11175852184892904,2788269.4155828706,0.4156449891289379
812,286,manufacturing,EU,0.02156624057857047,30376600.349767268,0.8162827927146505
813,66,tech,APAC,0.08625721613937383,8293904.403495649,0.27977794346627977
814,201,manufacturing,EU,0.12318389174978278,17456308.732980356,0.8750323471639523
815,115,retail,EU,0.12740106135595655,10337259.96723854,0.4964008247319777
816,555,manufacturing,EU,0.12774168979843215,56046320.27268424,0.6059445328886711
817,61,tech,APAC,0.14021878986251662,6968771.631151345,0.4703319133227606
818,277,healthcare,NA,0.077710508307377,34413387.06178379,0.5022047831416003
819,112,retail,NA,0.12478627192114822,13927725.39277058,0.1408140331962998
820,126,finance,NA,0.1934372381270811,10135020.420640204,0.6127773213412239
821,123,tech,NA,0.07664336751970854,14462110.422127936,0.5714465069313822
822,63,finance,NA,0.16900990079490158,6013875.444100861,0.46872151054242683
823,146,healthcare,APAC,0.14382364777708512,2588725.6899662227,0.6115057595856865
824,139,finance,APAC,0.08668382838285763,29505191.6664507,0.6114756119398035
825,188,tech,APAC,0.0908562249411195,18055609.90562558,0.6266500623422692
826,161,tech,APAC,0.10592011798336098,15730575.095480587,0.5789142587282863
827,329,healthcare,APAC,0.14100824970158005,26190675.472300958,0.5247045173325166
828,373,tech,APAC,0.12013173157667567,32926653.836938627,0.7028882517467285
829,51,healthcare,APAC,0.07625012013909088,5831331.358181402,0.6666267397289894
830,353,healthcare,NA,-0.0041026500881063965,56675703.102431096,0.16030163581660628
831,45,tech,EU,0.13360869794594096,5137629.293410632,0.47533919094966043
832,267,manufacturing,APAC,0.003375113747815378,29448265.903030254,0.77299122788594
833,275,healthcare,EU,0.03170101465249524,42902260.31042645,0.37010882867700257
834,21,tech,APAC,0.07987614026491605,2189630.1857628976,0.4251121552245967
835,162,manufacturing,APAC,0.039296070016548015,19542786.062497735,0.27586126504893915
836,92,healthcare,NA,0.11587642139017458,8496466.620012172,0.6685471697435834
837,69,manufacturing,EU,0.08519059001913687,11768226.346971821,0.7168777417267109
838,572,retail,NA,0.13926154902112278,86632435.71901512,0.8706196684508658
839,77,retail,NA,0.01961412333896631,8886599.176377922,0.6821478583750444
840,66,manufacturing,EU,0.06690511419066009,7129102.301895963,0.4093054119613962
841,160,healthcare,NA,0.10020996886646145,19047170.608143654,0.492652607730228
842,294,tech,APAC,0.1021364065252978,34059465.65665274,0.4412216774793594
843,128,finance,APAC,0.1347018202738361,9420212.485160936,0.2939337364872363
844,476,tech,APAC,0.0542705709803228,72580491.20635433,0.48937228303077857
845,252,finance,APAC,0.07659948574985004,28522838.381352447,0.39585731604556285
846,16,finance,APAC,0.12536748304401849,2831203.3805021495,0.43999601170472374
847,87,healthcare,NA,-0.009928036967850537,11540939.005090341,0.4413260823469556
848,84,manufacturing,NA,0.11924676259461464,3726861.6416731738,0.40241410917098597
849,239,tech,APAC,0.1381974307847461,19490759.864582308,0.5523655195306171
850,10,manufacturing,APAC,0.03331696386608801,556183.4679845218,0.5179381532401
851,1898,retail,NA,0.08424885258574935,154076903.78708193,0.5675557387295415
852,252,healthcare,EU,0.17463299082535738,17889971.343128286,0.4672383684369498
853,172,healthcare,NA,0.1329914148865574,21943248.250370298,0.7585027582929225
854,483,retail,NA,0.12234861364854333,53379923.400125064,0.5676698209185114
855,1546,tech,NA,0.14954796575622434,219866241.3981799,0.641313593555573
856,354,retail,NA,0.19022725588062514,42075382.43200253,0.3428324638052258
857,383,tech,NA,0.10092670349091859,43198848.80701584,0.6433423533965771
858,169,finance,EU,0.07964054978889877,30436259.232795574,0.5785672574831506
859,128,healthcare,APAC,0.1494269205486966,16215638.91401665,0.6177207254511056
860,92,tech,APAC,0.09062734320252451,10817788.211692894,0.45616517709073634
861,64,manufacturing,EU,0.053599067099052836,6041393.433469357,0.3428338595988718
862,74,manufacturing,APAC,0.07299668735063787,6269471.995213427,0.6002795681705462
863,38,healthcare,APAC,0.11561647910291906,5438371.160966996,0.4732639657608235
864,137,retail,APAC,0.07752020987945596,19360960.55110127,0.3940078971335841
865,27,retail,EU,0.08125123762860431,4512978.77854869,0.38375893933785615
866,179,tech,EU,0.04863420926773981,24051755.25603612,0.6997968606972392
867,143,retail,APAC,0.17176832581014062,15473588.827384347,0.2553655735487703
868,171,healthcare,APAC,0.08286866401562645,23141482.730091725,0.5882002895721179
869,88,tech,APAC,0.06442445146923802,10348006.410181597,0.5132241872112342
870,3219,finance,NA,0.06974385966971934,469850242.397504,0.3112015365410974
871,578,retail,NA,0.14012629874810723,92497313.87761444,0.36111732315432277
872,42,retail,NA,0.12865992892515812,4827619.003556428,0.2919505685782686
873,187,tech,EU,0.07490726479285638,32298507.07936069,0.40783592749541325
874,80,manufacturing,APAC,0.101615651898771,12452033.442291645,0.3586536248848544
875,53,retail,EU,0.11383522119262425,6388118.099695402,0.495440132792428
876,38,healthcare,EU,0.06479596537471972,5324647.33356605,0.5052765966545171
877,228,retail,EU,0.022968860630500354,29449598.706944454,0.4674758711310586
878,75,finance,APAC,0.12575187097156224,9049486.483809661,0.6751192902991597
879,390,retail,NA,0.06756329180008624,69183797.16073422,0.43335650027282746
880,400,manufacturing,APAC,0.12201741751919598,54211253.53188829,0.2772931817417244
881,586,retail,APAC,0.11605133211237717,55535776.22010597,0.22566990898847736
882,63,tech,EU,0.10278961506277559,5617137.310604929,0.2578642014608735
883,238,retail,EU,0.07869364256051657,21512127.987971094,0.5838179678318512
884,279,manufacturing,EU,0.06830358887420905,37577152.67268512,0.21510672240620002
885,92,tech,NA,0.04307912974818881,10097422.264399402,0.4341442728143746
886,68,healthcare,NA,0.06926260228054557,8839919.181890067,0.480962649099882
887,742,tech,NA,0.1284407505775094,109884181.30324015,0.8022029468686719
888,186,finance,APAC,0.1698912871061997,33640221.49981217,0.426848508242624
889,280,tech,EU,0.16255496711211592,30924824.8370178,0.4287164584245967
890,65,healthcare,APAC,0.107271150808744,5053326.3157002,0.4866914105961476
891,43,retail,NA,0.16986470303408185,7472198.664276637,0.24347832568731814
892,83,tech,EU,0.08465911860696099,6331818.9524255125,0.7059714436015497
893,131,tech,NA,0.03544766587424647,9839035.179698735,0.5401706844337982
894,51,tech,EU,0.1960437209605138,8822668.897749353,0.4206854086551003
895,146,tech,EU,0.1266404143228385,22190094.09149016,0.9141856780804598
896,27,healthcare,APAC,0.023268462473003987,3632720.6763932076,0.32750473659029994
897,48,manufacturing,APAC,0.1779524289318681,5688113.763666998,0.7142058747143626
898,290,manufacturing,NA,0.06282887574456081,32718925.04866129,0.5818565713861877
899,271,tech,APAC,0.07370588711374335,27228784.41679603,0.6685131569215165
900,100,healthcare,APAC,0.15106915695416026,11150870.477173751,0.4473270662484664
901,53,healthcare,APAC,0.16808535568283475,6284609.544161151,0.34024585844668814
902,53,tech,EU,0.04996304857793683,4174624.6718163197,0.42779464161697367
903,102,finance,APAC,0.17354953810133894,9730100.741124284,0.6066041859628626
904,282,tech,NA,0.14371183982047206,15973171.614608904,0.3076211427211802
905,375,finance,EU,0.06001255940306795,45876683.836128525,0.47030443728620386
906,90,tech,EU,0.08770468678582477,11010873.242927682,0.4683520622689367
907,46,finance,APAC,0.1758067948286779,7974351.302045947,0.17054283038819754
908,193,finance,EU,0.021971919869585327,25334462.998568516,0.4043826216780704
909,65,tech,NA,0.16903571879461093,6715717.9695150135,0.7415724649277657
910,88,finance,NA,0.14232035639182627,10031062.795512706,0.546131341235505
911,558,retail,EU,0.12545703811353498,75109405.51143585,0.15437873844754513
912,339,manufacturing,APAC,0.10658478442855038,42994820.411962666,0.3865659696726994
913,173,healthcare,APAC,0.19850689912312391,23761303.920708194,0.6634258974065811
914,41,finance,EU,0.20589618003524512,5383765.07145166,0.43898382584576306
915,183,finance,NA,0.06923851249911728,20572982.984106895,0.6766299262526729
916,429,healthcare,EU,0.13061023936158336,44584340.343890496,0.6262298418703109
917,101,finance,APAC,0.1937188248588916,10333626.522001302,0.5230450844394918
918,573,healthcare,APAC,0.06074777094999949,52854586.61734681,0.7002218692928851
919,540,tech,EU,0.11215697871559385,47269667.602852695,0.5688947130049101
920,783,retail,NA,0.15019377211412457,137145517.73595953,0.5855317152017794
921,201,retail,EU,-0.00074467024705345,24872002.214425717,0.5961104294581779
922,267,manufacturing,NA,0.14142776143489447,30796035.37662224,0.36899928444930213
923,610,finance,NA,0.045578398829480116,64125317.01403581,0.6625129471542219
924,232,manufacturing,EU,0.10961656824778342,30824998.600943297,0.36415823868925157
925,89,tech,EU,0.15721724254459093,13893782.575769715,0.43244907093100426
926,94,retail,NA,-0.01945903479699644,13319605.823041186,0.5465758729649801
927,188,tech,NA,0.1392929443871948,27757762.452436917,0.5368742521269909
928,40,tech,NA,0.20191644923154156,4096165.4613792254,0.7162713814938236
929,128,finance,NA,0.07333495001670681,15344143.711551823,0.5765351216375403
930,444,tech,APAC,0.1288345073392062,45642603.55003866,0.45881366948614527
931,16,retail,EU,0.16676431653496943,1971375.0714255562,0.3649605993334094
932,688,manufacturing,NA,0.0203527475895013,108826278.40632147,0.5536870447465335
933,455,retail,EU,0.13786848792668766,60597862.48293743,0.4524342322085115
934,93,finance,NA,0.15118831162988905,15698533.081128985,0.7790703651652716
935,255,retail,EU,0.13193101099683835,28392794.38005642,0.7097694992944235
936,148,healthcare,EU,0.10433113461025609,14177092.920164311,0.35425384026511114
937,507,manufacturing,NA,0.04997936090969368,68629474.28261998,0.24679101881505783
938,396,healthcare,NA,0.16957116767681218,48932037.35508709,0.14740699401065313
939,36,healthcare,EU,0.1017251782615829,4668518.433417841,0.4075319765664465
940,267,finance,EU,0.05480597936882023,33427493.50536165,0.5645780857365272
941,120,tech,EU,0.08409870847927156,12656036.255934685,0.456516773161295
942,161,healthcare,APAC,0.11841927456673385,20265405.1107291,0.7649140108266652
943,71,retail,NA,0.021940752155789472,10593279.241316132,0.5432777981182576
944,852,tech,APAC,0.10089651762920589,129745313.01397397,0.5244016300250604
945,419,retail,APAC,0.07915613914710054,44126776.34823988,0.5086432597740277
946,70,retail,NA,0.16680132406829945,8885112.456634019,0.5294487990842708
947,39,tech,NA,0.006255470135613547,6408219.966971457,0.33276328679639505
948,100,tech,APAC,0.1469378821251242,10596327.752821427,0.39424782869970215
949,229,retail,NA,0.17085474128012576,23018303.235898368,0.19954636301620524
950,188,finance,EU,0.008145568142606877,27040432.716784433,0.40199273657117834
951,519,manufacturing,EU,0.014140875709646228,71917194.85268605,0.5832180745154293
952,326,manufacturing,APAC,0.18929500232832397,30934373.920659956,0.4051660589633983
953,391,finance,APAC,0.05478139756985336,30504327.197688386,0.53397296113328
954,205,tech,NA,0.2547414560244225,25901070.029122535,0.5106737401094654
955,36,retail,NA,0.009707998223991682,3867915.1343058795,0.5031576546752085
956,122,manufacturing,APAC,0.10850237024935604,8476280.908060007,0.6266507404363165
957,428,retail,APAC,0.09883031313736412,42536319.59378571,0.46011144698863005
958,140,finance,EU,0.08959021162175215,19330961.223145213,0.648824382008208
959,245,retail,EU,0.12314811803528913,28287131.274804186,0.5346703919361957
960,107,finance,NA,0.1260323212364534,17867193.9845099,0.3046815662480547
961,52,tech,EU,0.0916170508685448,2983909.6397467665,0.5958443458410921
962,131,finance,NA,0.04929130280863647,20978310.019944496,0.24147837535247832
963,202,finance,NA,0.152388018212069,22155945.518616896,0.44944625435658825
964,77,manufacturing,NA,0.13140263315414183,8111746.713940762,0.7940851924310475
965,117,retail,EU,0.10572918453080372,8595309.633364633,0.10372982287894503
966,58,manufacturing,APAC,0.12981837412086797,7769242.417508402,0.5395561698897738
967,454,healthcare,APAC,0.1384470725045565,29599501.641807523,0.41494958170261376
968,110,finance,EU,0.061913397825934004,15899082.027173128,0.2943442740845281
969,634,healthcare,APAC,0.1280340186740903,47295815.4829057,0.7292474167919321
970,684,manufacturing,NA,0.07234821372408287,54260913.69593859,0.2078485480105703
971,136,retail,APAC,0.14010166782934,11459844.363934657,0.3482883937474184
972,54,manufacturing,EU,0.09038002067883845,5320161.052822534,0.34420830736373154
973,18,retail,APAC,0.130585978684086,2668721.0081937304,0.8257490943216917
974,34,retail,NA,0.07831023501452386,5614035.664294087,0.675901265433767
975,37,tech,NA,0.13318512179688366,3760021.16067657,0.5175023195773509
976,589,finance,EU,0.05106153854419958,69857229.99992181,0.6265016538145908
977,166,manufacturing,EU,0.10180844399317313,22359788.199181106,0.19362538141964533
978,219,retail,EU,0.1490316257554967,24116417.770268243,0.6375326184590159
979,16,manufacturing,NA,0.12336023286229626,2136363.661100638,0.6112514093538984
980,44,manufacturing,APAC,0.10960143667246057,5274615.097614679,0.4466645028197584
981,360,retail,APAC,0.19017806698253198,40462633.30942946,0.599604344925794
982,197,healthcare,EU,0.1511818434244461,15248889.243128603,0.46061464955749537
983,128,finance,APAC,0.14277699746265637,15932325.880030733,0.6407045886985339
984,261,finance,APAC,0.13290138894582526,38824081.76739429,0.26690610543036275
985,761,tech,EU,0.13913484361233322,73551916.73608935,0.36478034343652177
986,118,tech,EU,0.18285510052760823,7192321.954969773,0.5629830627416382
987,159,tech,NA,0.07911656561395027,17555743.436251402,0.5523507387159925
988,179,finance,NA,0.1504701982637621,29587468.36261638,0.4296053985574455
989,1623,healthcare,NA,0.1178243944387388,253769842.35889858,0.7846979584580082
990,18,finance,NA,0.08084412314330033,1846550.4088774035,0.7019824853267821
991,293,finance,APAC,0.09501374484793604,39163976.89386084,0.5974564459166806
992,132,finance,APAC,0.11095773407731717,18269641.816076245,0.5652449259998155
993,261,finance,NA,0.057002996616528884,42989347.49126409,0.5360993438956854
994,76,healthcare,NA,0.14320063877502234,5584672.364662848,0.2519360449346724
995,141,tech,EU,0.09485742879554807,12398856.584436603,0.4353988939358277
996,302,manufacturing,APAC,0.10424645811213369,18031616.427195918,0.5067988655007365
997,3337,tech,APAC,0.16786012749639034,332524455.1536948,0.4025211702342015
998,332,tech,NA,0.10648741026134013,50460403.45198959,0.7242815356987603
999,63,manufacturing,APAC,0.17763342222105527,6502130.787683764,0.3812511666911962
